student id	date	gender	race/ethnicity	parental level of education	lunch	test preparation course	math score	reading score	writing score
SF1	2002-3-15	female	group B	bachelor's degree	standard	none	72	72	74
SF2	2004-7-13	female	group C	some college	standard	completed	69	90	88
SF3	2004-8-23	female	group B	master's degree	standard	none	90	95	93
SM4	2000-6-3	male	group A	associate's degree	free/reduced	none	47	57	44
SM5	1999-9-6	male	group C	some college	standard	none	76	78	75
SF6	2000-8-14	female	group B	associate's degree	standard	none	71	83	78
SF7	2003-5-19	female	group B	some college	standard	completed	88	95	92
SM8	2004-3-13	male	group B	some college	free/reduced	none	40		39
SM9	2000-4-30	male	group D	high school	free/reduced	completed	64	64	67
SF10	2004-11-31	female	group B	high school	free/reduced	none	38	60	50
SM11	1999-10-16	male	group C	associate's degree	standard	none	58	54	52
SM12	1998-12-20	male	group D	associate's degree	standard	none	40	52	43
SF13	2001-5-28	female	group B	high school	standard	none	65	81	73
SM14	2004-3-30	male	group A	some college	standard	completed	78	72	70
SF15	2001-7-12	female	group A	master's degree	standard	none	50	53	58
SF16	2001-6-9	female	group C	some high school	standard	none	69	75	78
SM17	2002-7-30	male	group C	high school	standard	none	88	89	86
SF18	2001-5-2	female	group B	some high school	free/reduced	none	18	32	28
SM19	2000-12-28	male	group C	master's degree	free/reduced	completed	46	42	46
SF20	1999-11-14	female	group C	associate's degree	free/reduced	none	54	58	61
SM21	2001-6-10	male	group D	high school	standard	none	66	69	63
SF22	2001-3-28	female	group B	some college	free/reduced	completed	65	75	70
SM23	2004-11-5	male	group D	some college	standard	none	44	54	53
SF24	2003-11-5	female	group C	some high school	standard	none	69	73	73
SM25	2003-9-8	male	group D	bachelor's degree	free/reduced	completed	74	71	80
SM26	1999-12-24	male	group A	master's degree	free/reduced	none	73	74	72
SM27	1999-7-6	male	group B	some college	standard	none	69	54	55
SF28	2003-6-17	female	group C	bachelor's degree	standard	none	67	69	75
SM29	2003-7-9	male	group C	high school	standard	none	70	70	65
SF30	1999-12-6	female	group D	master's degree	standard	none	62	70	75
SF31	2001-12-19	female	group D	some college	standard	none	69	74	74
SF32	2000-12-12	female	group B	some college	standard	none	63	65	61
SF33	1998-9-24	female	group E	master's degree	free/reduced	none	56	72	65
SM34	2001-9-14	male	group D	some college	standard	none	40	42	38
SM35	1999-12-30	male	group E	some college	standard	none	97	87	82
SM36	1998-5-3	male	group E	associate's degree	standard	completed	81	81	79
SF37	2002-10-28	female	group D	associate's degree	standard	none	74	81	83
SF38	2004-3-1	female	group D	some high school	free/reduced	none	50	64	59
SF39	2002-2-25	female	group D	associate's degree	free/reduced	completed	75	90	88
SM40	1998-1-8	male	group B	associate's degree	free/reduced	none	57	56	57
SM41	2002-4-6	male	group C	associate's degree	free/reduced	none	55	61	54
SF42	2000-9-22	female	group C	associate's degree	standard	none	58	73	68
SF43	1999-6-26	female	group B	associate's degree	standard	none	53	58	65
SM125	2001-9-7	male	group E	some college	standard	none	83	80	73
SF126	2003-2-22	female	group B	high school	standard	none	87	95	86
SM127	2004-9-13	male	group B	some high school	standard	none	72	68	67
SM128	2003-6-14	male	group D	some college	standard	completed	65	77	74
									
									
									
SM44	2001-2-22	male	group B	some college	free/reduced	completed	59	65	66
SF45	1999-10-30	female	group E	associate's degree	free/reduced	none	50	56	54
SM46	2000-6-12	male	group B	associate's degree	standard	none	65	54	57
SF47	1999-11-17	female	group A	associate's degree	standard	completed	55	65	62
SF48	2001-6-8	female	group C	high school	standard	none	66	71	76
SF49	1999-9-1	female	group D	associate's degree	free/reduced	completed	57	74	76
SM50	2004-7-18	male	group C	high school	standard	completed	82	84	C
SM51	2002-5-8	male	group E	some college	standard	none	53	55	48
SM52	2004-11-5	male	group E	associate's degree	free/reduced	completed	77	69	68
SM53	2000-10-27	male	group C	some college	standard	none	53	44	42
SM54	1998-10-22	male	group D	high school	standard	none	88	78	75
SF55	2000-6-17	female	group C	some high school	free/reduced	completed	71	84	87
SF56	2000-12-2	female	group C	high school	free/reduced	none	33	41	43
SF57	1999-3-25	female	group E	associate's degree	standard	completed	82	85	86
SM58	2004-4-18	male	group D	associate's degree	standard	none	A	55	49
SM59	1999-11-20	male	group D	some college	standard	completed	58	59	58
SF60	2001-4-9	female	group C	some high school	free/reduced	none	0	17	10
SM61	2002-4-5	male	group E	bachelor's degree	free/reduced	completed	79	74	72
SM62	1998-9-19	male	group A	some high school	free/reduced	none	39	B	34
SM63	1998-8-15	male	group A	associate's degree	free/reduced	none	62	61	55
SF64	2002-7-11	female	group C	associate's degree	standard	none	69	80	71
SF65	1999-7-12	female	group D	some high school	standard	none	59	58	59
SM66	2004-8-11	male	group B	some high school	standard	none	67	64	61
SM67	2004-9-3	male	group D	some high school	free/reduced	none	45	37	37
SF68	1999-5-5	female	group C	some college	standard	none	60	72	74
SM69	2003-6-6	male	group B	associate's degree	free/reduced	none	61	58	56
SF70	2004-10-4	female	group C	associate's degree	standard	none	39	64	57
SF71	2004-5-17	female	group D	some college	free/reduced	completed	58	63	73
SM72	2004-2-5	male	group D	some college	standard	completed	63	55	63
SF73	1999-4-5	female	group A	associate's degree	free/reduced	none	41	51	48
SM74	2004-8-4	male	group C	some high school	free/reduced	none	61	57	56
SM75	2000-4-15	male	group C	some high school	standard	none	49	49	41
SM76	2003-8-23	male	group B	associate's degree	free/reduced	none	44	41	38
SM77	2001-10-30	male	group E	some high school	standard	none	30	26	22
SM78	2004-2-15	male	group A	bachelor's degree	standard	completed	80	78	81
SF79	2002-2-11	female	group D	some high school	standard	completed	61	74	72
SF80	1998-1-12	female	group E	master's degree	standard	none	62	68	68
SF81	1999-3-6	female	group B	associate's degree	standard	none	47	49	50
SM82	2002-6-14	male	group B	high school	free/reduced	none	49	45	45
SM83	1998-12-24	male	group A	some college	free/reduced	completed	50	47	54
SM84	2002-6-19	male	group E	associate's degree	standard	none	72	64	63
SM85	2001-9-5	male	group D	high school	free/reduced	none	42	39	34
SF86	1998-7-12	female	group C	some college	standard	none	73	80	82
SF87	2002-10-21	female	group C	some college	free/reduced	none	76	83	88
SF88	2000-9-25	female	group D	associate's degree	standard	none	71	71	74
SF89	1999-11-30	female	group A	some college	standard	none	58	70	67
SF90	2001-2-26	female	group D	some high school	standard	none	73	86	82
SF91	2002-4-12	female	group C	bachelor's degree	standard	none	65	72	74
SM92	2002-4-13	male	group C	high school	free/reduced	none	27	34	36
SM93	2003-6-16	male	group C	high school	standard	none	71	79	71
SM94	2002-2-10	male	group C	associate's degree	free/reduced	completed	43	45	50
SF95	2004-2-28	female	group B	some college	standard	none	79	86	92
SM96	1998-3-19	male	group C	associate's degree	free/reduced	completed	78	81	82
SM97	2003-5-10	male	group B	some high school	standard	completed	65	66	62
SF98	2001-10-19	female	group E	some college	standard	completed	63	72	70
SF99	2002-8-1	female	group D	some college	free/reduced	none	58	67	62
SF100	1999-12-20	female	group D	bachelor's degree	standard	none	65	67	62
SM101	2000-5-1		group B	some college	standard	none		67	67
SM102	1998-12-25	male	group D	bachelor's degree	standard	completed	68	74	74
SF103	2004-10-14	female	group D	associate's degree	standard	none	85	91	89
SM104	2002-3-14	male	group B	high school	standard	completed	60	44	47
SM105	2002-9-26	male	group C	some college	standard	completed	98	86	90
SF106	2001-8-8	female	group C	some college	standard	none	58	67	72
SF107	1998-7-28	female	group D	master's degree	standard	none	87	100	100
SM108	2004-4-30	male	group E	associate's degree	standard	completed	66	63	64
SF109	2000-8-11	female	group B	associate's degree	free/reduced	none	52	76	70
SF110	2004-11-28	female	group B	some high school	standard	none	70	64	72
SF111	2001-7-10	female	group D	associate's degree	free/reduced	completed	77	89	98
SM112	2002-7-15	male	group C	high school	standard	none	62	55	49
SM113	2001-12-29	male	group A	associate's degree	standard	none	54	53	47
SF114	2002-11-1	female	group D	some college	standard	none	51	58	54
SF115	2000-4-11	female	group E	bachelor's degree	standard	completed	99	100	100
SM116	1999-8-2	male	group C	high school	standard	none	84	77	74
SF117	2003-10-17	female	group B	bachelor's degree	free/reduced	none	75	85	82
SF118	1998-8-11	female	group D	bachelor's degree	standard	none	78	82	79
SF119	2000-3-23	female	group D	some high school	standard	none	51	63	61
SF120	2004-3-4	female	group C	some college	standard	none	55	69	65
SF121	2000-2-1	female	group C	bachelor's degree	standard	completed	79	92	89
SM122	1999-7-17	male	group B	associate's degree	standard	completed	91	89	92
SF123	2002-9-20	female	group C	some college	standard	completed	88	93	93
SM124	2002-12-25	male	group D	high school	free/reduced	none	63	57	56
SF397	2000-7-23	female	group B	high school	free/reduced	none	50	67	63
SF398	2004-5-12	female	group C	associate's degree	standard	none	85	89	95
SM399	2001-10-27	male	group B	some high school	standard	none	74	63	57
SM307	2000-6-26	male	group E	some college	standard	completed	99	87	81
SM129	2000-8-1	male	group D	master's degree	standard	none	82	82	74
SF130	2003-2-3	female	group A	bachelor's degree	standard	none	51	49	51
SM131	1999-1-21	male	group D	master's degree	standard	none	89	84	82
SM132	1999-11-28	male	group C	some high school	free/reduced	completed	53	37	40
SM133	1998-8-6	male	group E	some college	free/reduced	completed	87	74	70
SF134	2001-7-12	female	group C	some college	standard	completed	75	81	84
SM135	2000-2-28	male	group D	bachelor's degree	free/reduced	completed	74	79	75
SM136	2000-6-5	male	group C	bachelor's degree	standard	none	58	55	48
SM137	2002-3-21	male	group B	some high school	standard	completed	51	54	41
SM138	1998-11-31	male	group E	high school	standard	none	70	55	56
SF139	2000-3-7	female	group C	associate's degree	standard	none	59	66	67
SM140	1999-5-14	male	group D	some college	standard	completed	71	61	69
SF141	2003-10-16	female	group D	some high school	standard	none	76	72	71
SF142	2004-5-15	female	group C	some college	free/reduced	none	59	62	64
SF143	2001-9-25	female	group E	some college	free/reduced	completed	42	55	54
SM144	2004-11-6	male	group A	high school	standard	none	57	43	47
SM145	2000-12-2	male	group D	some college	standard	none	88	73	78
SF146	2000-11-19	female	group C	some college	free/reduced	none	22	39	33
SM147	2003-4-20	male	group B	some high school	standard	none	88	84	75
SM148	1999-8-24	male	group C	associate's degree	free/reduced	none	73	68	66
SF149	1999-9-15	female	group D	bachelor's degree	standard	completed	68	75	81
SM150	1999-12-13	male	group E	associate's degree	free/reduced	completed	100	100	93
SM151	2002-7-8	male	group A	some high school	standard	completed	62	67	69
SM152	1998-11-28	male	group A	bachelor's degree	standard	none	77	67	68
SF153	1998-10-4	female	group B	associate's degree	standard	completed	59	70	66
SM154	1999-9-20	male	group D	bachelor's degree	standard	none	54	49	47
SM155	2001-12-19	male	group D	some high school	standard	none	62	67	61
SF156	2003-2-23	female	group C	some college	standard	completed	70	89	88
SF157	2001-11-26	female	group E	high school	free/reduced	completed	66	74	78
SM158	2002-9-8	male	group B	some college	free/reduced	none	60	60	60
SF159	2004-10-27	female	group B	associate's degree	standard	completed	61	86	87
SM160	2000-12-22	male	group D	associate's degree	free/reduced	none	66	62	64
SM161	1998-8-15	male	group B	associate's degree	free/reduced	completed	82	78	74
SF162	2004-8-7	female	group E	some college	free/reduced	completed	75	88	85
SM163	2002-6-6	male	group B	master's degree	free/reduced	none	49	53	52
SM164	1998-5-7	male	group C	high school	standard	none	52	53	49
SF165	1999-1-25	female	group E	master's degree	standard	none	81	92	91
SF166	1999-6-28	female	group C	bachelor's degree	standard	completed	96	100	100
SM167	1998-11-30	male	group C	high school	free/reduced	completed	53	51	51
SF168	2004-1-30	female	group B	master's degree	free/reduced	completed	58	76	78
SF169	2002-9-28	female	group B		standard	completed	68	83	78
SF170	2003-11-16	female	group C	some college	free/reduced	completed	67	75	70
SM171	2003-4-6	male	group A	high school	standard	completed	72	73	74
SM172	2000-1-31	male	group E	some high school	standard	none	94	88	78
SF173	2002-7-1	female	group D	some college	standard	none	A	86	81
SF174	2000-11-2	female	group C	associate's degree	standard	none	63	C	70
SF175	2002-2-10	female	group C	bachelor's degree	free/reduced	completed	43	51	54
SF176	2000-9-18	female	group C	master's degree	standard	completed	81	91	87
SF177	2001-7-9	female	group B	high school	free/reduced	completed	46	54	58
SF178	1999-2-9	female	group C	associate's degree	standard	completed	71	77	B
SF179	1998-5-19	female	group B	master's degree	free/reduced	completed	52	70	62
SF180	1998-8-4	female	group D	some high school	standard	completed	97	A	A
SM181	2002-9-28	male	group C	master's degree	free/reduced	completed	62	68	75
SF182	2003-11-15	female	group C	some college	free/reduced	none	46	64	66
SF183	2004-4-9	female	group E	high school	standard	none	50	50	47
SF184	1998-7-18	female	group D	associate's degree	standard	none	65	69	70
SM185	2003-3-31	male	group C	some high school	free/reduced	completed	45	52	49
SM186	2004-12-4	male	group C	associate's degree	free/reduced	completed	65	67	65
SM187	2000-8-23	male	group E	high school	standard	none	80	76	65
SM188	2001-6-21	male	group D	some high school	standard	completed	62	66	68
SM189	2001-7-8	male	group B	some high school	free/reduced	none	48	52	45
SF190	2003-6-22	female	group C	bachelor's degree	standard	none	77	88	87
SF191	1999-1-10	female	group E	associate's degree	standard	none	66	65	69
SM192	2001-8-31	male	group D	some college	standard	completed	76	83	79
SF193	2002-4-4	female	group B	some high school	standard	none	62	64	66
SM194	2000-9-22	male	group D	some college	standard	completed	77	62	62
SF195	2001-5-14	female	group C	master's degree	standard	completed	69	84	85
SM196	1998-3-13	male	group D	associate's degree	standard	none	61	55	52
SM197	2000-2-20	male	group C	some high school	free/reduced	completed	59	69	65
SM198	1998-9-6	male	group E	high school	free/reduced	none	55		51
SF199	1999-1-10	female	group B	some college	free/reduced	none	45	53	55
SF200	2000-4-30	female	group B	bachelor's degree	free/reduced	none	78	79	76
SF201	2004-7-6	female	group C	associate's degree	standard	completed	67	84	86
SF202	1998-6-14	female	group D	some college	free/reduced	none	65	81	77
SM203	1999-12-31	male	group C	associate's degree	standard	none	69	77	69
SF204	2003-9-29	female	group B	associate's degree	standard	none		69	68
SM205	1998-1-31	male	group C	some college	standard	none	59	41	42
SM206	2002-11-28	male	group D	some high school	standard	completed	74	71	78
SM207	1999-5-15	male	group E	bachelor's degree	standard	none	82	62	62
SM208	2001-3-10	male	group E	high school	standard	completed	81	80	76
SF209	1999-10-12	female	group B	some college	free/reduced	none	74	81	76
SF210	2003-4-18	female	group B	some college	free/reduced	none	58	61	66
SM211	2001-2-12	male	group D	some high school	free/reduced	completed	80	79	79
SM212	1998-2-11	male	group C	some college	free/reduced	none	35	28	
SF213	2002-9-29	female	group C	high school	free/reduced	none	42	62	60
SM214	2003-11-8	male	group C	associate's degree	free/reduced	completed	60	51	56
SM215	2001-12-14	male	group E	high school	standard	completed	87	91	81
SM216	1999-12-14	male	group B	some high school	standard	completed	84	83	75
SF217	2002-7-6	female	group E	associate's degree	free/reduced	completed	83	86	88
SF218	2004-7-8	female	group C	high school	free/reduced	none	34	42	39
SM219	2003-5-6	male	group B	high school	free/reduced	none	66	77	70
SM220	2001-10-8	male	group B	some high school	standard	completed	61	56	56
SF221	2002-1-12	female	group D	high school	standard	completed	56	68	74
SM222	2003-8-20	male	group B	associate's degree	standard	none	87	85	73
SF223	2001-3-1	female	group C	some high school	free/reduced	none	55	65	62
SM224	1998-1-12	male	group D	some high school	standard	none	86	80	75
SF225	1999-11-29	female	group B	associate's degree	standard	completed	52	66	73
SF226	2001-11-19	female	group E	master's degree	free/reduced	none	45	56	54
SF227	1999-8-6	female	group C	some college	standard	none	72	72	71
SM228	2000-6-30	male	group D	high school	standard	none	57	50	54
SM229	2000-9-30	male	group A	some high school	free/reduced	none	68	72	64
SF230	2000-1-28	female	group C	some college	standard	completed	88	95	94
SM231	2002-2-24	male	group D	some college	standard	none	76	64	66
SM232	2004-6-22	male	group C	associate's degree	standard	none	46	43	42
SF233	2004-7-8	female	group B	bachelor's degree	standard	none	67	86	83
SM234	2003-5-29	male	group E	some high school	standard	none	92	87	78
SM235	1998-3-19	male	group C	bachelor's degree	standard	completed	83	82	84
SM236	1998-2-6	male	group D	associate's degree	standard	none	80	75	77
SM237	2002-6-24	male	group D	bachelor's degree	free/reduced	none	63	66	67
SF238	2002-6-31	female	group D	some high school	standard	completed	64	60	74
SM239	2000-10-2	male	group B	some college	standard	none	54	52	51
SM240	2003-11-14	male	group C	associate's degree	standard	none	84	80	80
SM241	2000-4-24	male	group D	high school	free/reduced	completed	73	68	66
SF242	2000-11-25	female	group E	bachelor's degree	standard	none	80	83	83
SF243	1998-11-28	female	group D	high school	standard	none	56	52	55
SM244	2002-9-2	male	group E	some college	standard	none	59	51	43
SM245	2002-9-8	male	group D	some high school	standard	none	75	74	69
SM246	2002-8-19	male	group C	associate's degree	standard	none	85	76	71
SM247	2002-1-5	male	group E	associate's degree	standard	none	89	76	74
SF248	2001-5-20	female	group B	high school	standard	completed	58	70	68
SF249	2004-6-1	female	group B	high school	standard	none	65	64	62
SM250	2004-2-27	male	group C	high school	standard	none	68	60	53
SM251	2001-4-23	male	group A	some high school	standard	completed	47	49	49
SF252	1998-6-18	female	group D	some college	free/reduced	none	71	83	83
SF253	1999-2-29	female	group B	some high school	standard	completed	60	70	70
SM254	2004-2-2	male	group D	master's degree	standard	none	80	80	72
SM255	2003-10-14	male	group D	high school	standard	none	54	52	52
SF256	1999-3-10	female	group E	some college	standard	none	62	73	70
SF257	2004-8-6	female	group C	associate's degree	free/reduced	none	64	73	68
SM258	1999-10-1	male	group C	associate's degree	standard	completed	78	77	77
SF259	2002-5-1	female	group B	some college	standard	none	70	75	78
SF260	2002-8-25	female	group C	master's degree	free/reduced	completed	65	81	81
SF261	1998-4-9	female	group C	some high school	free/reduced	completed	64	79	77
SM262	1999-10-31	male	group C	some college	standard	completed	79	79	78
SF263	2003-4-12	female	group C	some high school	free/reduced	none	44	50	51
SF264	1999-4-16	female	group E	high school	standard	none	99	93	90
SM265	1999-10-20	male	group D	high school	standard	none	76	73	68
SM266	1999-12-29	male	group D	some high school	free/reduced	none	59	42	41
SF267	2002-9-28	female	group C	bachelor's degree	standard	none	63	75	81
SF268	2004-11-6	female	group D	high school	standard	none	69	72	77
SF269	2001-12-21	female	group D	associate's degree	standard	completed	88	92	95
SF270	2003-1-3	female	group E	some college	free/reduced	none	71	76	70
SM271	2002-6-5	male	group C	bachelor's degree	standard	none	69	63	61
SM272	2001-5-23	male	group C	some college	standard	none	58	49	42
SF273	2003-9-17	female	group D	associate's degree	free/reduced	none	E	E	E
SF274	2004-5-15		group D	some college	standard	none	65	70	71
SM275	2001-9-15	male	group B	some college	standard	completed	88	85	76
SM276	2001-2-13	male	group C	bachelor's degree	standard	none	83	78	73
SF277	2004-12-24	female	group C	some high school	standard	completed	85	92	93
SF278	1998-7-7	female	group E	high school	standard	completed	59	63	75
SF279	2000-1-3	female	group C	some high school	free/reduced	none	65	86	80
SM280	1999-12-21	male	group B	bachelor's degree	free/reduced	none	73	56	57
SM281	1999-9-3	male	group D	high school	standard	none	53	52	
SM282	2000-6-11	male	group D	high school	standard	none	F	48	46
SF283	2002-5-10	female	group D	bachelor's degree	free/reduced	none	73	79	84
SF284	2000-1-1	female	group D	some college	free/reduced	completed	70	78	78
SF285	2004-3-7	female	group B	some high school	standard	none	37	46	46
SM286	2000-11-27	male	group B	associate's degree	standard	completed	81	82	82
SM287	2004-10-28	male	group E	associate's degree	standard	completed	A	82	88
SF288	1998-2-29	female	group B	some high school	standard	none	67	89	82
SM289	2002-11-21	male	group B	bachelor's degree	free/reduced	none	88	75	76
SM290	2000-12-21	male	group E	some high school	standard	completed	77	76	77
SM291	1998-7-30	male	group C	associate's degree	standard	none	76	70	68
SM292	2001-2-21	male	group D	some high school	standard	none	86	73	70
SM293	2004-12-12	male	group C	some high school	standard	completed	63	60	57
SF294	1999-12-20	female	group E	bachelor's degree	standard	none	65	73	75
SM295	2002-8-11	male	group D	high school	free/reduced	completed	78	77	80
SM296	2001-12-27	male	group B	associate's degree	free/reduced	none	67	62	60
SM297	2000-7-7	male	group A	some high school	standard	completed	46	41	43
SM298	2004-6-16	male	group E	associate's degree	standard	completed	71	74	68
SM299	2000-9-10	male	group C	high school	free/reduced	completed	40	46	50
SM300	1999-10-10	male	group D	associate's degree	free/reduced	none	90	87	75
SM301	1998-10-17	male	group A	some college	free/reduced	completed	81	78	A
SM302	1999-4-13	male	group D	some high school	free/reduced	none	56	54	52
SF303	2004-4-13	female	group C	associate's degree	standard	completed	67	84	81
SM304	2003-2-19	male	group B	associate's degree	standard	none	80	76	64
SF305	1998-8-12	female	group C	associate's degree	standard	completed	74	75	83
SM306	2003-4-5	male	group A	some college	standard	none	69	67	69
SF309	2001-12-17	female	group B	associate's degree	free/reduced	none	53	71	67
SM308	1999-5-8	male	group C	some high school	standard	none	51	52	44
SF309	1999-8-24	female	group B	associate's degree	free/reduced	none	50	72	83
SF310	2000-4-14	female	group D	high school	free/reduced	none	49	57	52
SF311	1998-10-23	female	group B	associate's degree	standard	none	73	76	80
SM312	2002-3-23	male	group B	bachelor's degree	standard	none	66	60	57
SM313	2002-7-21	male	group D	bachelor's degree	standard	completed	67	61	68
SF314	1999-6-9	female	group C	associate's degree	free/reduced	completed	68	67	69
SF315	1998-4-16	female	group C	bachelor's degree	standard	completed	59	64	75
SM316	1999-10-24	male	group C	high school	standard	none	71	66	65
SF317	2004-2-5	female	group D	master's degree	standard	completed	77	82	91
SM318	1998-7-3	male	group C	associate's degree	standard	none	83	72	78
SM319	2000-6-13	male	group B	bachelor's degree	standard	none	63	71	69
SF320	2004-10-23	female	group D	associate's degree	free/reduced	none	56	65	63
SF321	2004-9-21	female	group C	high school	free/reduced	completed	67	79	84
SF322	1999-6-28	female	group E	high school	standard	none	75	86	79
SF323	2004-4-23	female	group C	some college	standard	none	71	81	80
SF324	2001-10-17	female	group C	some high school	free/reduced	none	43	53	53
SF325	2002-5-21	female	group C	high school	free/reduced	none	41	46	43
SF326	1998-10-23	female	group C	some college	standard	none	82	90	94
SM327	2001-12-19	male	group C	some college	standard	none	61	61	62
SM328	2004-11-12	male	group A	some college	free/reduced	none	28	23	19
SM329	2000-1-29	male	group C	associate's degree	standard	completed	82	75	77
SF330	2002-5-11	female	group B	some high school	standard	none	41	55	51
SM331	2000-10-11	male	group C	high school	standard	none	71	60	61
SM332	2000-12-12	male	group C	associate's degree	standard	none	47	37	35
SM333	1998-1-23	male	group E	associate's degree	standard	completed	62	56	53
SM334	2001-8-11	male	group B	associate's degree	standard	none	90	78	81
SF335	2003-12-16	female	group C	bachelor's degree	standard	none	83	93	95
SF336	2004-5-13	female	group B	some college	free/reduced	none	61	68	66
SM337	1999-10-13	male	group D	some high school	standard	completed	76	70	69
SM338	2004-12-2	male	group C	associate's degree	standard	none	49	51	43
SF339	2000-11-10	female	group B	some high school	free/reduced	none	24	38	27
SF340	2004-5-29	female	group D	some high school	free/reduced	completed	35	55	60
SM341	2001-6-11	male	group C	high school	free/reduced	none	58	61	52
SF342	2001-11-3	female	group C	high school	standard	none	61	73	63
SF343	2000-8-22	female	group B	high school	standard	completed	69	76	74
SM344	2003-5-6	male	group D	associate's degree	standard	completed	67	72	67
SM345	2001-5-2	male	group D	some college	standard	none	79	73	67
SF346	2000-11-6	female	group C	high school	standard	none	72	80	75
SM347	2002-1-3		group B	some college	standard	none	62	61	57
SF348	2001-5-25	female	group C	bachelor's degree	standard	completed	77	94	95
SM349	2003-5-16	male	group D	high school	free/reduced	none	75	74	66
SM350	2001-7-25	male	group E	associate's degree	standard	none	87	74	76
SF351	2001-5-16	female	group B	bachelor's degree	standard	none	52	65	69
SM352	1998-9-8	male	group E	some college	standard	none	66	57	52
SF353	1998-5-18	female	group C	some college	standard	completed	63	78	80
SF354	1998-8-28	female	group C	associate's degree	standard	none	46	58	57
SF355	2003-8-25	female	group C	some college	standard	none	59	71	70
SF356	2004-1-19	female	group B	bachelor's degree	standard	none	61	72	70
SM357	2004-2-14	male	group A	associate's degree	standard	none	63	61	61
SF358	2003-1-5	female	group C	some college	free/reduced	completed	42	66	69
SM359	1999-8-30	male	group D	some college	free/reduced	none	59	62	61
SF360	2004-1-16	female	group D	some college	standard	none	80	90	89
SF361	2002-8-29	female	group B	high school	standard	none	58	62	59
SM362	2000-3-2	male	group B	some high school	standard	completed	85	84	78
SF363	2000-3-21	female	group C	some college	standard	none	52	58	58
SF364	1998-6-5	female	group D	some high school	free/reduced	none	27	34	32
SM365	2002-12-9	male	group C	some college	standard	none	59	60	58
SM366	1998-12-16	male	group A	bachelor's degree	free/reduced	completed	49	58	60
SM367	2000-11-23	male	group C	high school	standard	completed	69	58	53
SM368	2002-9-2	male	group C	bachelor's degree	free/reduced	none	61	66	61
SF369	2003-4-30	female	group A	some high school	free/reduced	none	44	64	58
SF370	2002-3-22	female	group D	some high school	standard	none	73	84	85
SM371	2004-8-27	male	group E	some college	standard	none	84	77	71
SF372	2003-1-22	female	group C	some college	free/reduced	completed	45	73	70
SM373	2000-12-20	male	group D	some high school	standard	none	74	74	72
SF374	1998-4-22	female	group D	some college	standard	completed	82	97	96
SF375	1998-6-4	female	group D	bachelor's degree	standard	none	59	70	73
SM376	2003-9-14	male	group E	associate's degree	free/reduced	none	46	43	41
SF377	2000-1-22	female	group D	some high school	standard	none	80	90	82
SF378	1998-12-5	female	group D	master's degree	free/reduced	completed	85	95	100
SF379	2002-2-3	female	group A	some high school	standard	none	71	83	77
SM380	1999-9-15	male	group A	bachelor's degree	standard	none	66	64	62
SF381	2003-11-3	female	group B	associate's degree	standard	none	80	86	83
SM382	1999-8-1	male	group C	associate's degree	standard	completed	87	100	95
SM383	2001-1-9	male	group C	master's degree	free/reduced	none	79	81	71
SF384	2004-1-2	female	group E	some high school	free/reduced	none	38	49	45
SF385	1999-8-19	female	group A	some high school	free/reduced	none	38	43	43
SF386	2001-9-31	female	group E	some college	standard	none	67	76	75
SF387	1999-3-17	female	group E	bachelor's degree	standard	none	64	73	70
SF388	2003-9-10	female	group C	associate's degree	free/reduced	none	57	78	67
SF389	2002-9-29	female	group D	high school	standard	none	62	64	64
SM390	1999-7-8	male	group D	master's degree	standard	none	73	70	75
SM391	1999-12-20	male	group E	some high school	free/reduced	completed	73	67	59
SF392	2001-10-2	female	group D	some college	standard	none	77	68	77
SM393	2002-5-15	male	group E	some college	standard	none	76	67	67
SM394	2001-3-10	male	group C	associate's degree	standard	completed	57	54	56
SF395	2002-2-22	female	group C	some high school	standard	completed	65	74	77
SM396	2004-4-11	male	group A	high school	free/reduced	none	48	45	41
	2000-5-7								
	2000-3-20								
	1998-12-21								
SM400	1998-9-14	male	group D	some high school	standard	none	60	59	54
SF401	2001-5-17	female	group C	some high school	standard	completed	59	54	67
SM402	1999-4-16	male	group A	some college	standard	none	53	43	43
SF403	2003-6-18	female	group A	some college	free/reduced	none	49	65	55
SF404	2002-1-26	female	group D	high school	standard	completed	88	99	100
SF405	2004-4-11	female	group C	high school	standard	none	54	59	62
SF406	2002-2-9	female	group C	some high school	standard	none	63	73	68
SM407	2000-1-24	male	group B	associate's degree	standard	completed	65	65	63
SF408	2001-12-12	female	group B	associate's degree	standard	none	82	80	77
SF409	2001-10-3	female	group D	high school	free/reduced	completed	52	57	56
SM410	2003-6-24	male	group D	associate's degree	standard	completed	87	84	85
SF411	1998-7-22	female	group D	master's degree	standard	completed	70	71	74
SM412	2003-4-4	male	group E	some college	standard	completed	84	83	78
SM413	1999-1-23	male	group D	associate's degree	standard	none	71	66	60
SM414	2002-9-14	male	group B	some high school	standard	completed	63	67	67
SF415	2002-1-12	female	group C	bachelor's degree	free/reduced	completed	51	72	79
SM416	2001-7-23	male	group E	high school	standard	none	84	73	69
SM417	1999-7-26	male	group C	bachelor's degree	standard	completed	71	74	68
SM418	1999-6-19	male	group C	associate's degree	standard	none	74	73	67
SM419	2000-11-24	male	group D	some college	standard	none	68	59	62
SM420	1999-12-2	male	group E	high school	free/reduced	completed	57	56	54
SF421	2001-7-28	female	group C	associate's degree	free/reduced	completed	82	93	93
SF422	2002-10-20	female	group D	high school	standard	completed	57	58	64
SF423	2004-11-17	female	group D	master's degree	free/reduced	completed	47	58	67
SF424	2004-12-6	female	group A	some high school	standard	completed	59	85	80
SM425	1998-1-3	male	group B	some college	free/reduced	none	41	39	34
SF426	2003-5-2	female	group C	some college	free/reduced	none	62	67	62
SM427	2004-12-27	male	group C	bachelor's degree	standard	none	86	83	86
SM428	1999-3-3	male	group C	some high school	free/reduced	none	69	71	65
SM429	1999-4-9	male	group A	some high school	free/reduced	none	65	59	53
SM430	2002-7-3	male	group C	some high school	free/reduced	none	68	63	54
SM431	1998-12-22	male	group C	associate's degree	free/reduced	none	64	66	59
SF432	2002-2-8	female	group C	high school	standard	none	61	72	70
SM433	1999-4-26	male	group C	high school	standard	none	61	56	55
SF434	2002-2-7	female	group A	some high school	free/reduced	none	47	59	50
SM435	1999-10-28	male	group C	some high school	standard	none	73	66	66
SM436	1998-1-14	male	group C	some college	free/reduced	completed	50	48	53
SM437	2001-10-15	male	group D	associate's degree	standard	none	75	68	64
SM438	2004-2-5	male	group D	associate's degree	free/reduced	none	75	66	73
SM439	2002-6-20	male	group C	high school	standard	none	70	56	51
SM440	2000-3-5	male	group D	some high school	standard	completed	89	88	82
SF441	2004-6-19	female	group C	some college	standard	completed	67	81	79
SF442	2002-6-10	female	group D	high school	standard	none	78	81	80
SF443	2001-7-3	female	group A	some high school	free/reduced	none	59	73	69
SF444	2002-3-17	female	group B	associate's degree	standard	none	73	83	76
SM445	2002-11-6	male	group A	some high school	free/reduced	none	79	82	73
SF446	2003-7-7	female	group C	some high school	standard	completed	67	74	77
SM447	1998-4-26	male	group D	some college	free/reduced	none	69	66	60
SM448	2004-10-6	male	group C	high school	standard	completed	86	81	80
SM449	2000-12-31	male	group B	high school	standard	none	47	46	42
SM450	2000-8-23	male	group B	associate's degree	standard	none	81	73	72
SF451	2002-8-19	female	group C	some college	free/reduced	completed	64	85	85
SF452	1999-11-14	female	group E	some college	standard	none	100	92	97
SF453	2000-11-16	female	group C	associate's degree	free/reduced	none	65	77	74
SM454	2001-2-31	male	group C	some college	free/reduced	none	65	58	49
SF455	2001-1-27	female	group C	associate's degree	free/reduced	none	53	61	62
SM456	2004-9-11	male	group C	bachelor's degree	free/reduced	none	37	56	47
SF457	1998-9-10	female	group D	bachelor's degree	standard	none	79	89	89
SM458	2003-1-9	male	group D	associate's degree	free/reduced	none	53	54	48
SF459	2003-9-28	female	group E	bachelor's degree	standard	none	100	100	100
SM460	2000-12-2	male	group B	high school	standard	completed	72	65	68
SM461	1998-1-31	male	group C	bachelor's degree	free/reduced	none	53	58	55
SM462	2001-7-6	male	group B	some college	free/reduced	none	54	54	45
SF463	1998-8-23	female	group E	some college	standard	none	71	70	76
SF464	2000-12-17	female	group C	some college	free/reduced	none	77	90	91
SM465	1998-6-27	male	group A	bachelor's degree	standard	completed	75	58	62
SF466	2002-3-3	female	group C	some college	standard	none	84	87	91
SF467	2002-8-10	female	group D	associate's degree	free/reduced	none	26	31	38
SM468	1998-12-7	male	group A	high school	free/reduced	completed	72	67	65
SF469	1998-3-11	female	group A	high school	free/reduced	completed	77	88	85
SM470	2003-12-25	male	group C	some college	standard	none	91	74	76
SF471	2002-2-3	female	group C	associate's degree	standard	completed	83	85	90
SF472	2002-6-6	female	group C	high school	standard	none	63	69	74
SF473	2000-4-15	female	group C	associate's degree	standard	completed	68	86	84
SF474	1999-5-1	female	group D	some high school	standard	none	59	67	61
SF475	2003-1-9	female	group B	associate's degree	standard	completed	90	90	91
SF476	2002-6-13	female	group D	bachelor's degree	standard	completed	71	76	83
SM477	2003-9-9	male	group E	bachelor's degree	standard	completed	76	62	66
SM478	2000-5-10	male	group D	associate's degree	standard	none	80	68	72
SF479	2003-3-22	female	group D	master's degree	standard	none	55	64	70
SM480	1998-2-27	male	group E	associate's degree	standard	none	76	71	67
SM481	1998-9-2	male	group B	high school	standard	completed	73	71	68
SF482	2000-2-9	female	group D	associate's degree	free/reduced	none	52	59	56
SM483	1998-8-4	male	group C	some college	free/reduced	none	68	68	61
SM484	1998-8-27	male	group A	high school	standard	none	59	52	46
SF485	1998-4-15	female	group B	associate's degree	standard	none	49	52	54
SM486	2000-1-3	male	group C	high school	standard	none	70	74	71
SM487	1998-1-23	male	group D	some college	free/reduced	none	61	47	56
SF488	2003-11-16	female	group C	associate's degree	free/reduced	none	60	75	74
SM489	2003-2-28	male	group B	some high school	standard	completed	64	53	57
SM490	2004-4-19	male	group A	associate's degree	free/reduced	completed	79	82	82
SF491	2002-9-15	female	group A	associate's degree	free/reduced	none	65	85	76
SF492	2002-11-20	female	group C	associate's degree	standard	none	64	64	70
SF493	2004-5-19	female	group C	some college	standard	none	83	83	90
SF494	1999-6-31	female	group C	bachelor's degree	standard	none	81	88	90
SF495	1999-1-5	female	group B	high school	standard	none	54	64	68
SM496	2003-11-12	male	group D	high school	standard	completed	68	64	66
SF497	2004-4-1	female	group C	some college	standard	none	54	48	52
SF498	1998-7-30	female	group D	some college	free/reduced	completed	59	78	76
SF499	2001-7-11	female	group B	some high school	standard	none	66	69	68
SM500	1999-11-21	male	group E	some college	standard	none	76	71	72
SF501	2000-3-10	female	group D	master's degree	standard	none	74	79	82
SF502	1998-1-3	female	group B	associate's degree	standard	completed	94	87	92
SM503	1998-4-23	male	group C	some college	free/reduced	none	63	61	54
SF504	2001-11-18	female	group E	associate's degree	standard	completed	95	89	92
SF505	1999-7-2	female	group D	master's degree	free/reduced	none	40	59	54
SF506	1999-10-22	female	group B	some high school	standard	none	82	82	80
SM507	1999-9-31	male	group A	high school	standard	none	68	70	66
SM508	2000-8-23	male	group B	bachelor's degree	free/reduced	none	55	59	54
SM509	1998-11-24	male	group C	master's degree	standard	none	79	78	77
SF510	2002-5-6	female	group C	bachelor's degree	standard	none	86	92	87
SM511	2003-12-5	male	group D	some college	standard	none	76	71	73
SM512	2002-5-24	male	group A	some high school	standard	none	64	50	43
SM513	2003-7-30	male	group D	some high school	free/reduced	none	62	49	52
SF514	1998-6-15	female	group B	some high school	standard	completed	54	61	62
SF515	2001-7-23	female	group B	master's degree	free/reduced	completed	77	97	94
SF516	2003-2-6	female	group C	some high school	standard	completed	76	87	85
SF517	2003-1-7	female	group D	some college	standard	none	74	89	84
SF518	2003-5-13	female	group E	some college	standard	completed	66	74	73
SF519	2002-5-17	female	group D	some high school	standard	completed	66	78	78
SF520	1998-10-13	female	group B	high school	free/reduced	completed	67	78	79
SM521	2000-11-29	male	group D	some college	standard	none	71	49	52
SF522	1998-1-9	female	group C	associate's degree	standard	none	91	86	84
SM523	2004-7-13	male	group D	bachelor's degree	standard	none	69	58	57
SM524	2000-5-1	male	group C	master's degree	free/reduced	none	54	59	50
SM525	1998-2-19	male	group C	high school	standard	completed	53	52	49
SM526	2004-2-24	male	group E	some college	standard	none	68	60	59
SM527	2000-1-20	male	group C	some high school	free/reduced	completed	56	61	60
SF528	2001-8-9	female	group C	high school	free/reduced	none	36	53	43
SF529	1999-1-18	female	group D	bachelor's degree	free/reduced	none	29	41	47
SF530	2004-5-18	female	group C	associate's degree	standard	none	62	74	70
SF531	1998-1-24	female	group C	associate's degree	standard	completed	68	67	73
SF532	2002-8-20	female	group C	some high school	standard	none	47	54	53
SM533	2002-6-19	male	group E	associate's degree	standard	completed	62	61	58
SF534	2001-10-6	female	group E	associate's degree	standard	completed	79	88	94
SM535	2001-11-13	male	group B	high school	standard	completed	73	69	68
SF536	1999-3-19	female	group C	bachelor's degree	free/reduced	completed	66	83	83
SM537	2002-12-29	male	group C	associate's degree	standard	completed	51	60	58
SF538	1998-3-25	female	group D	high school	standard	none	51	66	62
SM539	2002-4-29	male	group E	bachelor's degree	standard	completed	85	66	71
SM540	1999-8-9	male	group A	associate's degree	standard	completed	97	92	86
SM541	2001-12-7	male	group C	high school	standard	completed	75	69	68
SM542	2001-11-11	male	group D	associate's degree	free/reduced	completed	79	82	80
SF543	2002-8-13	female	group C	associate's degree	standard	none	81	77	79
SF544	2001-4-21	female	group D	associate's degree	standard	none	82	95	89
SF545	2001-1-5	female	group D	master's degree	standard	none	64	63	66
SM546	2000-7-2	male	group E	some high school	free/reduced	completed	78	83	80
SF547	2002-3-12	female	group A	some high school	standard	completed	92	100	97
SM548	2000-3-19	male	group C	high school	standard	completed	72	67	64
SF549	2002-7-17	female	group C	high school	free/reduced	none	62	67	64
SM550	2002-2-20	male	group C	master's degree	standard	none	79	72	69
SM551	2003-10-7	male	group C	some high school	free/reduced	none	79	76	65
SM552	1998-8-22	male	group B	bachelor's degree	free/reduced	completed	87	90	88
SF553	2003-1-2	female	group B	associate's degree	standard	none	40	48	50
SM554	1998-11-11	male	group D	some college	free/reduced	none	77	62	64
SM555	2003-12-20	male	group E	associate's degree	standard	none	53	45	40
SF556	2003-1-26	female	group C	some college	free/reduced	none	32	39	33
SF557	2002-8-7	female	group C	associate's degree	standard	completed	55	72	79
SM558	2004-9-23	male	group C	master's degree	free/reduced	none	61	67	66
SF559	2004-6-21	female	group B	associate's degree	free/reduced	none	53	70	70
SM560	2000-3-2	male	group D	some high school	standard	none	73	66	62
SF561	2003-10-6	female	group D	some college	standard	completed	74	75	79
SF562	2001-5-31	female	group C	some college	standard	none	63	74	74
SM563	2004-9-22	male	group C	bachelor's degree	standard	completed	96	90	92
SF564	1999-9-19	female	group D	some college	free/reduced	completed	63	80	80
SM565	1998-11-14	male	group B	bachelor's degree	free/reduced	none	48	51	46
SM566	1998-2-31	male	group B	associate's degree	standard	none	48	43	45
SF567	2001-11-20	female	group E	bachelor's degree	free/reduced	completed	92	100	100
SF568	1999-9-6	female	group D	master's degree	free/reduced	completed	61	71	78
SM569	1998-4-24	male	group B	high school	free/reduced	none	63	48	47
SM570	1999-5-1	male	group D	bachelor's degree	free/reduced	none	68	68	67
SM571	2000-6-7	male	group B	some college	standard	completed	71	75	70
SM572	1998-10-25	male	group A	bachelor's degree	standard	none	91	96	92
SF573	2000-11-25	female	group C	some college	standard	none	53	62	56
SF574	2001-2-12	female	group C	high school	free/reduced	completed	50	66	64
SF575	2001-7-29	female	group E	high school	standard	none	74	81	71
SM576	2004-7-9	male	group A	associate's degree	free/reduced	completed	40	55	53
SM577	2003-4-12	male	group A	some college	standard	completed	61	51	52
SF578	2004-12-8	female	group B	high school	standard	none	81	91	89
SF579	2000-6-1	female	group B	some college	free/reduced	completed	48	56	58
SF580	2002-4-1	female	group D	master's degree	standard	none	53	61	68
SF581	2001-10-24	female	group D	some high school	standard	none	81	97	96
SF582	2002-6-14	female	group E	some high school	standard	none	77	79	80
SF583	1999-4-21	female	group D	bachelor's degree	free/reduced	none	63	73	78
SF584	1999-12-27	female	group D	associate's degree	standard	completed	73	75	80
SF585	2000-8-25	female	group D	some college	standard	none	69	77	77
SF586	1998-9-29	female	group C	associate's degree	standard	none	65	76	76
SF587	1998-10-21	female	group A	high school	standard	none	55	73	73
SF588	2003-4-8	female	group C	bachelor's degree	free/reduced	none	44	63	62
SF589	2003-11-7	female	group C	some college	standard	none	54	64	65
SF590	2004-1-4	female	group A	some high school	standard	none	48	66	65
SM591	2001-5-6	male	group C	some college	free/reduced	none	58	57	54
SM592	2003-10-3	male	group A	some high school	standard	none	71	62	50
SM593	2001-12-16	male	group E	bachelor's degree	standard	none	68	68	64
SF594	1998-7-3	female	group E	high school	standard	none	74	76	73
SF595	2001-9-6	female	group C	bachelor's degree	standard	completed	92	100	99
SF596	1999-6-10	female	group C	bachelor's degree	standard	completed	56	79	72
SM597	1998-10-28	male	group B	high school	free/reduced	none	30	24	15
SM598	2003-2-23	male	group A	some high school	standard	none	53	54	48
SF599	1999-3-26	female	group D	high school	standard	none	69	77	73
SF600	2001-10-11	female	group D	some high school	standard	none	65	82	81
SF601	2001-5-16	female	group D	master's degree	standard	none	54	60	63
SF602	2001-8-30	female	group C	high school	standard	none	29	29	30
SF603	2001-5-19	female	group E	some college	standard	none	76	78	80
SM604	2001-7-27	male	group D	high school	free/reduced	none	60	57	51
SM605	2002-8-20	male	group D	master's degree	free/reduced	completed	84	89	90
SM606	1999-6-20	male	group C	some high school	standard	none	75	72	62
SF607	2002-3-21	female	group C	associate's degree	standard	none	85	84	82
SF608	1999-9-4	female	group C	master's degree	free/reduced	none	40	58	54
SF609	1998-2-16	female	group E	some college	standard	none	61	64	62
SF610	2002-11-5	female	group B	associate's degree	standard	none	58	63	65
SM611	1999-3-4	male	group D	some college	free/reduced	completed	69	60	63
SF612	2000-6-21	female	group C	some college	standard	none	58	59	66
SM613	1999-9-13	male	group C	bachelor's degree	standard	completed	94	90	91
SF614	1999-8-31	female	group C	associate's degree	standard	none	65	77	74
SF615	1998-11-18	female	group A	associate's degree	standard	none	82	93	93
SF616	2003-6-19	female	group C	high school	standard	none	60	68	72
SF617	2001-2-1	female	group E	bachelor's degree	standard	none	37	45	38
SM618	1999-2-7	male	group D	bachelor's degree	standard	none	88	78	83
SM619	2000-5-26	male	group D	master's degree	standard	none	95	81	84
SM620	1999-7-31	male	group C	associate's degree	free/reduced	completed	65	73	68
SF621	2001-9-27	female	group C	high school	free/reduced	none	35	61	54
SM622	1998-8-23	male	group B	bachelor's degree	free/reduced	none	62	63	56
SM623	2004-3-24	male	group C	high school	free/reduced	completed	58	51	52
SM624	1998-5-19	male	group A	some college	standard	completed	100	96	86
SF625	2001-12-10	female	group E	bachelor's degree	free/reduced	none	61	58	62
SM626	2004-4-1	male	group D	some college	standard	completed	100	97	99
SM627	1999-8-24	male	group B	associate's degree	free/reduced	completed	69	70	63
SM628	2002-5-23	male	group D	associate's degree	standard	none	61	48	46
SM629	2000-9-30	male	group D	some college	free/reduced	none	49	57	46
SF630	2004-9-30	female	group C	some high school	standard	completed	44	51	55
SM631	1999-12-26	male	group D	some college	standard	none	67	64	70
SM632	1999-2-6	male	group B	high school	standard	none	79	60	65
SF633	2002-5-6	female	group B	bachelor's degree	standard	completed	66	74	81
SF634	2003-5-21	female	group C	high school	standard	none	75	88	85
SM635	2004-12-25	male	group D	some high school	standard	none	84	84	80
SM636	2002-9-2	male	group A	high school	standard	none	71	74	64
SF637	2000-4-2	female	group B	high school	free/reduced	completed	67	80	81
SF638	2004-5-23	female	group D	some high school	standard	completed	80	92	88
SM639	2004-10-10	male	group E	some college	standard	none	86	76	
SF640	1998-4-27	female	group D	associate's degree	standard	none	76	74	73
SM641	1998-4-13	male	group D	high school	standard	none	41	52	51
SF642	2003-1-29	female	group D	associate's degree	free/reduced	completed	74	88	90
SF643	2004-5-19	female	group B	some high school	free/reduced	none	72	81	79
SF644	2002-5-13	female	group E	high school	standard	completed	74	79	80
SM645	2002-4-27	male	group B	high school	standard	none	70	65	60
SF646	2001-5-30	female	group B	bachelor's degree	standard	completed	65	81	81
SF647	1999-2-7	female	group D	associate's degree	standard	none	59	70	65
SF648	2000-7-8	female	group E	high school	free/reduced	none	64	62	68
SF649	2004-1-17	female	group B	high school	standard	none		53	55
SF650	1999-11-23	female	group D	some college	standard	completed	69	79	81
SM651	2001-12-23	male	group C	some high school	free/reduced	completed	51	56	53
SF652	1998-12-17	female	group A	high school	standard	completed	68	80	76
SF653	2003-11-19	female	group D	some college	standard	completed	85		98
SF654	2002-5-26	female	group A	associate's degree	standard	completed	65	70	74
SF655	1998-8-13	female	group B	some high school	standard	none	73	79	79
SF656	1998-8-25	female	group B	some college	standard	none	62	67	67
SM657	2002-6-23	male	group C	associate's degree	free/reduced	none	77	67	64
SM658	2001-9-19	male	group D	some high school	standard	none	69	66	61
SF659	2004-11-23	female	group D	associate's degree	free/reduced	none	43	60	58
SM660	2001-5-6	male	group D	associate's degree	standard	none	90	87	85
SM661	1999-10-12	male	group C	some college	free/reduced	none	74	77	73
SM662	2001-10-5	male	group C	some high school	standard	none	73	66	63
SF663	2002-3-5	female	group D	some college	free/reduced	none	55	71	69
SF664	2004-10-14	female	group C	high school	standard	none	65	69	67
SM665	1998-3-9	male	group D	associate's degree	standard	none	80	63	63
SF666	2004-4-26	female	group C	some high school	free/reduced	completed	50	60	60
SF667	2003-11-23	female	group C	some college	free/reduced	completed	63	73	71
SF668	2001-3-30	female	group B	bachelor's degree	free/reduced	none	77	85	87
SM669	1999-11-22	male	group C	some college	standard	none	73	74	61
SM670	2000-8-7	male	group D	associate's degree	standard	completed	81	72	77
SF671	2003-1-17	female	group C	high school	free/reduced	none	66	76	68
SM672	1999-7-27	male	group D	associate's degree	free/reduced	none	52	57	50
SF673	2003-1-7	female	group C	some college	standard	none	69	78	76
SF674	2004-12-24	female	group C	associate's degree	standard	completed	65	84	84
SF675	1999-4-14	female	group D	high school	standard	completed	69	77	78
SF676	2002-5-17	female	group B	some college	standard	completed	50	64	66
SF677	2000-4-23	female	group E	some college	standard	completed	73	78	76
SF678	2002-5-20	female	group C	some high school	standard	completed	70	82	76
SM679	2003-10-21	male	group D	associate's degree	free/reduced	none	81	75	78
SM680	1998-6-25	male	group D	some college	free/reduced	none	63	61	60
SF681	2001-3-22	female	group D	high school	standard	none	67	72	74
SM682	2002-2-14	male	group B	high school	standard	none	60	68	60
SM683	1999-5-11	male	group B	high school	standard	none	62	55	54
SF684	2003-4-3	female	group C	some high school	free/reduced	completed	29	40	44
SM685	2002-1-23	male	group B	some college	standard	completed	62	66	68
SF686	2000-7-8	female	group E	master's degree	standard	completed	94	99	100
SM687	2000-11-25	male	group E	some college	standard	completed	85	75	68
SM688	1999-8-25	male	group D	associate's degree	free/reduced	none	77	78	73
SM689	2001-7-29	male	group A	high school	free/reduced	none	53	58	44
SM690	1998-4-29	male	group E	some college	free/reduced	none	93	90	83
SF691	1998-11-4	female	group C	associate's degree	standard	none	49	53	53
SF692	1999-2-15	female	group E	associate's degree	free/reduced	none	73	76	78
SF693	2003-5-6	female	group C	bachelor's degree	free/reduced	completed	66	74	81
SF694	1999-12-17	female	group D	associate's degree	standard	none	77	77	73
SF695	1999-4-19	female	group C	some high school	standard	none	49	63	56
SF696	2000-6-17	female	group D	some college	free/reduced	none	79	89	86
SF697	2001-4-30	female	group C	associate's degree	standard	completed	75	82	90
SF698	2001-1-5	female	group A	bachelor's degree	standard	none	59	72	70
SF699	2003-6-12	female	group D	associate's degree	standard	completed	57	78	79
SM700	2000-5-31	male	group C	high school	free/reduced	none	66	66	59
SF701	2004-2-24	female	group E	bachelor's degree	standard	completed	79	81	82
SF702	2001-9-31	female	group B	some high school	standard	none	57	67	72
SM703	2002-2-9	male	group A	bachelor's degree	standard	completed	87	84	87
SF704	1998-10-9	female	group D	some college	standard	none	63	64	67
SF705	2003-12-8	female	group B	some high school	free/reduced	completed	59	63	64
SM706	2000-1-28	male	group A	bachelor's degree	free/reduced	none	62	72	65
SM707	2004-12-25	male	group D	high school	standard	none	46	34	36
SM708	2002-10-12	male	group C	some college	standard	none	66	59	52
SM709	2003-7-17	male	group D	high school	standard	none	89	87	79
SF710	2000-6-19	female	group D	associate's degree	free/reduced	completed	42	61	58
SM711	2000-9-3	male	group C	some college	standard	completed	93	84	90
SF712	2001-4-19	female	group E	some high school	standard	completed	80	85	85
SF713	2003-6-30	female	group D	some college	standard	none	98	100	99
SM714	2002-4-9	male	group D	master's degree	standard	none	81	81	84
SF715	2003-7-24	female	group B	some high school	standard	completed	60	70	74
SF716	2001-10-4	female	group B	associate's degree	free/reduced	completed	76	94	87
SM717	2004-8-19	male	group C	associate's degree	standard	completed	73	78	72
SF718	2003-6-29	female	group C	associate's degree	standard	completed	96	96	99
SF719	2001-11-10	female	group C	high school	standard	none	76	76	74
SM720	1998-10-20	male	group E	associate's degree	free/reduced	completed	91	73	80
SF721	2003-9-31	female	group C	some college	free/reduced	none	62	72	70
SM722	1999-4-20	male	group D	some high school	free/reduced	completed	55	59	59
SF723	2003-8-27	female	group B	some high school	free/reduced	completed	74	90	88
SM724	2004-9-26	male	group C	high school	standard	none	50	48	42
SM725	1999-1-10	male	group B	some college	standard	none	47	43	41
SM726	1998-6-25	male	group E	some college	standard	completed	81	74	71
SF727	1998-1-29	female	group E	associate's degree	standard	completed	65	75	77
SM728	1998-10-31	male	group E	some high school	standard	completed	68	51	57
SF729	2000-4-14	female	group D	high school	free/reduced	none	73	92	84
SM730	2000-6-10	male	group C	some college	standard	none	53	39	37
SF731	2002-8-29	female	group B	associate's degree	free/reduced	completed	68	77	80
SM732	2004-3-24	male	group A	some high school	free/reduced	none	55	46	43
SF733	2000-7-29	female	group C	some college	standard	completed	87	89	94
SM734	1999-8-17	male	group D	some high school	standard	none	55	47	44
SF735	2001-4-11	female	group E	some college	free/reduced	none	53	58	57
SM736	2002-4-20	male	group C	master's degree	standard	none	67	57	59
SM737	1999-1-30	male	group C	associate's degree	standard	none	92	79	84
SF738	2002-3-21	female	group B	some college	free/reduced	completed	53	66	73
SM739	2004-8-12	male	group D	associate's degree	standard	none	81	71	73
SM740	2001-8-29	male	group C	high school	free/reduced	none	61	60	55
SM741	2002-10-2	male	group D	bachelor's degree	standard	none	80	73	72
SF742	2002-10-4	female	group A	associate's degree	free/reduced	none	37	57	56
SF743	2002-9-29	female	group C	high school	standard	none	81	84	82
SF744	2004-5-28	female	group C	associate's degree	standard	completed	59	73	72
SM745	2004-1-28	male	group B	some college	free/reduced	none	55	55	47
SM746	2001-4-15	male	group D	associate's degree	standard	none	72	79	74
SM747	2000-2-14	male	group D	high school	standard	none	69	75	71
SM748	2003-9-5	male	group C	some college	standard	none	69	64	68
SF749	2002-7-24	female	group C	bachelor's degree	free/reduced	none	50	60	59
SM750	2001-8-15	male	group B	some college	standard	completed	87	84	86
SM751	1998-3-26	male	group D	some high school	standard	completed	71	69	68
SM752	2002-6-23	male	group E	some college	standard	none	68	72	65
SM753	2000-10-3	male	group C	master's degree	free/reduced	completed	79	77	75
SF754	1999-6-18	female	group C	some high school	standard	completed	77	90	85
SM755	2002-7-26	male	group C	associate's degree	free/reduced	none	58	55	53
SF756	2004-6-24	female	group E	associate's degree	standard	none	84	95	92
SM757	2002-9-3	male	group D	some college	standard	none	55	58	52
SM758	2001-4-29	male	group E	bachelor's degree	free/reduced	completed	70	68	72
SF759	2004-7-18	female	group D	some college	free/reduced	completed	52	59	65
SM760	2002-9-7	male	group B	some college	standard	completed	69	77	77
SF761	1998-4-13	female	group C	high school	free/reduced	none	53	72	64
SF762	1999-11-3	female	group D	some high school	standard	none	48	58	54
SM763	2001-10-4	male	group D	some high school	standard	completed	78	81	86
SF764	2003-3-30	female	group B	high school	standard	none	62	62	63
SM765	2001-11-7	male	group D	some college	standard	none	60	63	59
SF766	2003-12-2	female	group B	high school	standard	none	74	72	72
SF767	2004-2-30	female	group C	high school	standard	completed	58	75	77
SM768	2003-6-3	male	group B	high school	standard	completed	76	62	60
SF769	1999-3-25	female	group D	some high school	standard	none	68	71	75
SM770	1998-5-1	male	group A	some college	free/reduced	none	58	60	57
SM771	1999-11-20	male	group B	high school	standard	none	52	48	49
SM772	2001-12-8	male	group D	bachelor's degree	standard	none	75	73	74
SF773	1999-7-1	female	group B	some high school	free/reduced	completed	52	67	72
SF774	2004-9-12	female	group C	bachelor's degree	free/reduced	none	62	78	79
SM775	2000-7-12	male	group B	some college	standard	none	66	65	60
SF776	2004-1-17	female	group B	some high school	free/reduced	none	49	58	55
SF777	2000-5-31	female	group B	high school	standard	none	66	72	70
SF778	1998-6-18	female	group C	some college	free/reduced	none	35	44	43
SF779	2002-5-15	female	group A	some college	standard	completed	72	79	82
SM780	2001-4-14	male	group E	associate's degree	standard	completed	94	85	82
SF781	1999-2-25	female	group D	associate's degree	free/reduced	none	46	56	57
SF782	2001-12-19	female	group B	master's degree	standard	none	77	90	84
SF783	2000-12-11	female	group B	high school	free/reduced	completed	76	85	82
SF784	2004-9-4	female	group C	associate's degree	standard	completed	52	59	62
SM785	2000-12-4	male	group C	bachelor's degree	standard	completed	91	81	79
SF786	2002-11-5	female	group B	some high school	standard	completed	32	51	44
SF787	2001-2-28	female	group E	some high school	free/reduced	none	72	79	77
SF788	2001-5-7	female	group B	some college	standard	none	19	38	32
SM789	2004-8-13	male	group C	associate's degree	free/reduced	none	68	65	61
SF790	2003-12-7	female	group C	master's degree	free/reduced	none	52	65	61
SF791	2000-6-22	female	group B	high school	standard	none	48	62	60
SF792	2001-3-12	female	group D	some college	free/reduced	none	60	66	70
SM793	2001-6-21	male	group D	high school	free/reduced	none	66	74	69
SM794	2000-4-13	male	group E	some high school	standard	completed	89	84	77
SF795	1999-12-4	female	group B	high school	standard	none	42	52	51
SF796	2001-4-19	female	group E	associate's degree	free/reduced	completed	57	68	73
SM797	2004-11-4	male	group D	high school	standard	none	70	70	70
SF798	2000-12-2	female	group E	associate's degree	free/reduced	none	70	84	81
SM799	2004-7-9	male	group E	some college	standard	none	69	60	54
SF800	1999-7-6	female	group C	associate's degree	standard	none	52	55	57
SM801	1999-10-25	male	group C	some high school	standard	completed	67	73	68
SM802	2003-6-16	male	group C	some high school	standard	completed	76	80	73
SF803	2004-7-21	female	group E	associate's degree	standard	none	87	94	95
SF804	2003-10-7	female	group B	some college	standard	none	82	85	87
SF805	1998-7-9	female	group C	some college	standard	none	73	76	78
SM806	2003-10-10	male	group A	some college	free/reduced	none	75	81	74
SF807	2001-2-10	female	group D	some college	free/reduced	none	64	74	75
SF808	2000-6-14	female	group E	high school	free/reduced	none	41	45	40
SM809	1998-9-2	male	group C	high school	standard	none	90	75	69
SM810	2003-4-18	male	group B	bachelor's degree	standard	none	59	54	51
SM811	2004-5-21	male	group A	some high school	standard	none	51	31	36
SM812	2000-8-16	male	group A	high school	free/reduced	none	45	47	49
SF813	2002-3-6	female	group C	master's degree	standard	completed	54	64	67
SM814	1999-1-18	male	group E	some high school	standard	completed	87	84	76
SF815	2003-11-7	female	group C	high school	standard	none	72	80	83
SM816	2002-9-21	male	group B	some high school	standard	completed	94	86	87
SF817	2002-1-27	female	group A	bachelor's degree	standard	none	45	59	64
SM818	2000-11-9	male	group D	bachelor's degree	free/reduced	completed	61	70	76
SF819	2004-8-12	female	group B	high school	free/reduced	none	60	72	68
SF820	2002-11-27	female	group C	some high school	standard	none	77	91	88
SF821	2004-1-20	female	group A	some high school	standard	completed	85	90	92
SF822	2000-11-13	female	group D	bachelor's degree	free/reduced	none	78	90	93
SM823	1998-11-4	male	group E	some college	free/reduced	completed	49	52	51
SF824	2001-9-7	female	group B	high school	free/reduced	none	71	87	82
SF825	2001-2-7	female	group C	some high school	free/reduced	none	48	58	52
SM826	2002-3-4	male	group C	high school	standard	none	62	67	58
SF827	1998-1-5	female	group C	associate's degree	free/reduced	completed	56	68	70
SF828	2000-10-20	female	group C	some high school	standard	none	65	69	76
SF829	2000-3-29	female	group D	some high school	free/reduced	completed	69	86	81
SM830	1998-4-3	male	group B	some high school	standard	none	68	54	53
SF831	2004-11-27	female	group A	some college	free/reduced	none	61	60	57
SF832	1999-1-1	female	group C	bachelor's degree	free/reduced	completed	74	86	89
SM833	1999-6-20	male	group A	bachelor's degree	standard	none	64	60	58
SF834	2003-6-19	female	group B	high school	standard	completed	77	82	89
SM835	2001-2-28	male	group B	some college	standard	none	58	50	45
SF836	2004-12-5	female	group C	high school	standard	completed	60	64	74
SM837	2001-10-13	male	group E	high school	standard	none	73	64	57
SF838	2000-12-4	female	group A	high school	standard	completed	75	82	79
SM839	2002-10-2	male	group B	associate's degree	free/reduced	completed	58	57	53
SF840	2001-2-2	female	group C	associate's degree	standard	none	66	77	73
SF841	1999-6-18	female	group D	high school	free/reduced	none	39	52	46
SM842	2004-7-24	male	group C	some high school	standard	none	64	58	51
SF843	2000-12-1	female	group B	high school	free/reduced	completed	23	44	36
SM844	2002-12-24	male	group B	some college	free/reduced	completed	74	77	76
SF845	2001-11-25	female	group D	some high school	free/reduced	completed	40	65	64
SM846	2002-5-20	male	group E	master's degree	standard	none	90	85	84
SM847	2002-10-3	male	group C	master's degree	standard	completed	91	85	85
SM848	2004-9-5	male	group D	high school	standard	none	64	54	50
SF849	2001-3-11	female	group C	high school	standard	none	59	72	68
SM850	2002-4-20	male	group D	associate's degree	standard	none	80	75	69
SM851	2000-6-6	male	group C	master's degree	standard	none	71	67	67
SF852	2000-5-8	female	group A	high school	standard	none	61	68	63
SF853	2000-1-21	female	group E	some college	standard	none	87	85	93
SM854	2000-4-9	male	group E	some high school	standard	none	82	67	61
SM855	1998-7-4	male	group C	some high school	standard	none	62	64	55
SF856	1998-5-12	female	group B	bachelor's degree	standard	none	97	97	96
SM857	2002-12-15	male	group B	some college	free/reduced	none	75	68	65
SF858	2004-11-7	female	group C	bachelor's degree	standard	none	65	79	81
SM859	2000-2-27	male	group B	high school	standard	completed	52	49	46
SM860	1998-11-10	male	group C	associate's degree	free/reduced	none	87	73	72
SF861	1998-8-31	female	group C	associate's degree	standard	none	53	62	53
SF862	1999-4-22	female	group E	master's degree	free/reduced	none	81	86	87
SM863	2003-12-25	male	group D	bachelor's degree	free/reduced	completed	39	42	38
SF864	2003-1-9	female	group C	some college	standard	completed	71	71	80
SM865	1998-7-8	male	group C	associate's degree	standard	none	97	93	91
SM866	2002-4-5	male	group D	some college	standard	completed	82	82	88
SM867	2001-8-10	male	group C	high school	free/reduced	none	59	53	52
SM868	1999-1-31	male	group B	associate's degree	standard	none	61	42	41
SM869	2001-6-19	male	group E	associate's degree	free/reduced	completed	78	74	72
SM870	2002-1-28	male	group C	associate's degree	free/reduced	none	49	51	51
SM871	2004-6-10	male	group B	high school	standard	none	59	58	47
SF872	2001-9-8	female	group C	some college	standard	completed	70	72	76
SM873	2002-2-5	male	group B	associate's degree	standard	completed	82	84	78
SM874	1999-11-27	male	group E	associate's degree	free/reduced	none	90	90	82
SF875	2004-1-29	female	group C	bachelor's degree	free/reduced	none	43	62	61
SM876	2003-11-3	male	group C	some college	free/reduced	none	80	64	66
SM877	2000-8-9	male	group D	some college	standard	none	81	82	84
SM878	2003-7-17	male	group C	some high school	standard	none	57	61	54
SF879	1998-5-22	female	group D	some high school	standard	none	59	72	80
SF880	1999-11-12	female	group D	associate's degree	standard	none	64	76	74
SM881	2003-12-29	male	group C	bachelor's degree	standard	completed	63	64	66
SF882	2001-10-19	female	group E	bachelor's degree	standard	completed	71	70	70
SF883	2001-10-3	female	group B	high school	free/reduced	none	64	73	71
SM884	2004-8-14	male	group D	bachelor's degree	free/reduced	none	55	46	44
SF885	1999-9-4	female	group E	associate's degree	standard	none	51	51	54
SF886	2004-9-11	female	group C	associate's degree	standard	completed	62	76	80
SF887	2004-1-16	female	group E	associate's degree	standard	completed	93	100	95
SM888	2003-8-17	male	group C	high school	free/reduced	none	54	72	59
SF889	2000-12-30	female	group D	some college	free/reduced	none	69	65	74
SM890	2000-11-17	male	group D	high school	free/reduced	none	44	51	48
SF891	2001-10-22	female	group E	some college	standard	completed	86	85	91
SF892	2001-1-1	female	group E	associate's degree	standard	none	85	92	85
SF893	2000-8-11	female	group A	master's degree	free/reduced	none	50	67	73
SM894	2002-7-13	male	group D	some high school	standard	completed	88	74	75
SF895	2001-3-22	female	group E	associate's degree	standard	none	59	62	69
SF896	1998-2-6	female	group E	some high school	free/reduced	none	32	34	38
SM897	2000-4-29	male	group B	high school	free/reduced	none	36	29	27
SF898	1998-6-25	female	group B	some high school	free/reduced	completed	63	78	79
SM899	2004-5-12	male	group D	associate's degree	standard	completed	67		63
SF900	2000-1-10	female	group D	some high school	standard	completed	65	78	82
SM901	1998-1-29	male	group D	master's degree	standard	none	85	84	89
SF902	2004-4-8	female	group C	master's degree	standard	none	73	78	74
SF903	2003-10-28	female	group A	high school	free/reduced	completed	34	48	41
SF904	2002-7-12	female	group D	bachelor's degree	free/reduced	completed	93	100	100
SF905	2004-5-10	female	group D	some high school	free/reduced	none	67	84	84
SM906	1999-5-5	male	group D	some college	standard	none	88	77	77
SM907	2001-5-7	male	group B	high school	standard	none	57	48	51
SF908	2000-7-11	female	group D	some college	standard	completed	79	84	91
SF909	2003-9-25	female	group C	bachelor's degree	free/reduced	none	67	75	72
SM910	2003-5-3	male	group E	bachelor's degree	standard	completed	70	64	70
SM911	1999-6-27	male	group D	bachelor's degree	free/reduced	none	50	42	48
SF912	2001-7-25	female	group A	some college	standard	none	69	84	82
SF913	2002-12-18	female	group C	bachelor's degree	standard	completed	52	61	66
SF914	1999-8-1	female	group C	bachelor's degree	free/reduced	completed	47	62	66
SF915	2002-6-12	female	group B	associate's degree	free/reduced	none	46	61	55
SF916	1999-10-1	female	group E	some college	standard	none	68	70	66
SM917	2000-12-17	male	group E	bachelor's degree	standard	completed	100	100	100
SF918	1998-11-16	female	group C	high school	standard	none	44	61	52
SF919	2000-11-12	female	group C	associate's degree	standard	completed	57	77	80
SM920	2002-12-31	male	group B	some college	standard	completed	91	96	91
SM921	1998-9-14	male	group D	high school	free/reduced	none	69	70	67
SF922	2000-7-7	female	group C	high school	free/reduced	none	35	53	46
SM923	2004-12-19	male	group D	high school	standard	none	72	66	66
SF924	2003-8-15	female	group B	associate's degree	free/reduced	none	54	65	65
SM925	2000-2-2	male	group D	high school	free/reduced	none	74	70	69
SM926	2001-12-6	male	group E	some high school	standard	completed	74	64	60
SM927	2003-5-26	male	group E	associate's degree	free/reduced	none	64	56	52
SF928	2001-5-27	female	group D	high school	free/reduced	completed	65	61	71
SM929	1999-2-16	male	group E	associate's degree	free/reduced	completed	46	43	44
SF930	1998-8-14	female	group C	some high school	free/reduced	none	48	56	51
SM931	1999-8-28	male	group C	some college	free/reduced	completed	67	74	70
SM932	1999-1-23	male	group D	some college	free/reduced	none	62	57	62
SM933	1999-3-16	male	group D	associate's degree	free/reduced	completed	61	71	73
SM934	2002-11-21	male	group C	bachelor's degree	free/reduced	completed	70	75	74
SM935	1998-1-16	male	group C	associate's degree	standard	completed	98	87	90
SM936	2002-5-28	male	group D	some college	free/reduced	none	70	63	58
SM937	2001-7-17	male	group A	associate's degree	standard	none	67	57	53
SF938	2004-10-13	female	group E	high school	free/reduced	none	57	58	57
SM939	2003-11-8	male	group D	some college	standard	completed	85	81	85
SM940	2001-4-28	male	group D	some high school	standard	completed	77	68	69
SM941	2003-1-9	male	group C	master's degree	free/reduced	completed	72	66	72
SF942	2001-2-22	female	group D	master's degree	standard	none	78	91	96
SM943	1999-5-23	male	group C	high school	standard	none	81	66	64
SM944	2000-6-31	male	group A	some high school	free/reduced	completed	61	62	61
SF945	2002-1-13	female	group B	high school	standard	none	58	68	61
SF946	2004-6-29	female	group C	associate's degree	standard	none	54	61	58
SM947	2004-10-23	male	group B	high school	standard	none	82	82	80
SF948	1999-9-23	female	group D	some college	free/reduced	none	49	58	60
SM949	2003-2-4	male	group B	some high school	free/reduced	completed	49	50	52
SF950	2002-3-6	female	group E	high school	free/reduced	completed	57	75	73
SM951	2000-4-21	male	group E	high school	standard	none	94	73	71
SF952	1999-7-19	female	group D	some college	standard	completed	75	77	83
SF953	2003-12-9	female	group E	some high school	free/reduced	none	74	74	72
SM954	1999-6-17	male	group C	high school	standard	completed	58	52	54
SF955	2002-7-26	female	group C	some college	standard	none	62	69	69
SM956	2001-7-23	male	group E	associate's degree	standard	none	72	57	62
SM957	2003-5-16	male	group C	some college	standard	none	84	87	81
SF958	2004-1-26	female	group D	master's degree	standard	none	92	100	100
SF959	2004-10-27	female	group D	high school	standard	none	45	63	59
SM960	1999-11-16	male	group C	high school	standard	none	75	81	71
SF961	2002-2-3	female	group A	some college	standard	none	56	58	64
SF962	2001-4-10	female	group D	some high school	free/reduced	none	48	54	53
SF963	2004-11-23	female	group E	associate's degree	standard	none	100	100	100
SF964	2000-1-15	female	group C	some high school	free/reduced	completed	65	76	75
SM965	2002-5-23	male	group D	some college	standard	none	72	57	58
SF966	1999-5-29	female	group D	some college	standard	none	62	70	72
SM967	2002-11-14	male	group A	some high school	standard	completed	66	68	64
SM968	2002-7-30	male	group C	some college	standard	none	63	63	60
SF969	1998-8-24	female	group E	associate's degree	standard	none	68	76	67
SF970	1999-5-6	female	group B	bachelor's degree	standard	none	75	84	80
SF971	1999-12-23	female	group D	bachelor's degree	standard	none	89	100	100
SM972	1998-12-4	male	group C	some high school	standard	completed	78	72	69
SF973	2001-4-22	female	group A	high school	free/reduced	completed	53	50	60
SF974	2000-6-10	female	group D	some college	free/reduced	none	49	65	61
SF975	1999-4-19	female	group A	some college	standard	none	54	63	67
SF976	2002-1-10	female		some college	standard	completed	64	82	77
SM977	2001-6-4	male	group B	some college	free/reduced	completed	60	62	60
SM978	1998-5-22	male	group C	associate's degree	standard	none	62	65	58
SM979	2000-6-31	male	group D	high school	standard	completed	55	41	48
SF980	1998-9-16	female	group C	associate's degree	standard	none	91	95	94
SF981	2002-2-17	female	group B	high school	free/reduced	none	8	24	23
SM982	2003-3-22	male	group D	some high school	standard	none	81	78	78
SM983	2001-2-25	male	group B	some high school	standard	completed	79	85	86
SF984	1999-10-24	female	group A	some college	standard	completed	78	87	91
SF985	2001-7-30	female	group C	some high school	standard	none	74	75	82
SM986	2002-3-12	male	group A	high school	standard	none	57	51	54
SF987	2000-5-24	female	group C	associate's degree	standard	none	40	59	51
SM988	2000-8-18	male	group E	some high school	standard	completed	81	75	76
SF989	2001-6-18	female	group A	some high school	free/reduced	none	44	45	45
SF990	1998-7-9	female	group D	some college	free/reduced	completed	67	86	83
SM991	1999-4-9	male	group E	high school	free/reduced	completed	86	81	75
SF992	2004-10-18	female	group B	some high school	standard	completed	65	82	78
SF993	2003-6-9	female	group D	associate's degree	free/reduced	none	55	76	76
SF994	2002-2-11	female	group D	bachelor's degree	free/reduced	none	62	72	74
SM995	2001-6-10	male	group A	high school	standard	none	63	63	62
SF996	1999-6-12	female	group E	master's degree	standard	completed	88	99	95
SM997	1999-5-20	male	group C	high school	free/reduced	none	62	55	55
SF998	2000-2-20	female	group C	high school	free/reduced	completed	59	71	65
SF999	2000-5-8	female	group D	some college	standard	completed	68	78	77
SF1000	2003-9-28	female	group D	some college	free/reduced	none	77	86	86
SM9	2003-12-3	male	group D	high school	free/reduced	completed	64	64	67
SF10	1999-3-8	female	group B	high school	free/reduced	none	38	60	50
SM11	2002-11-2	male	group C	associate's degree	standard	none	58	54	52
SM391	2001-2-26	male	group E	some high school	free/reduced	completed	81	67	59
SF392	1998-6-26	female	group D	some college	standard	none	72	68	77
SM393	1998-6-1	male	group E	some college	standard	none	76	71	62
SM869	2004-6-15	male	group E	associate's degree	free/reduced	completed	70	74	70
SM870	1999-3-19	male	group C	associate's degree	free/reduced	none	49	52	51
SM871	1998-2-26	male	group B	high school	standard	none	64	58	56